url,name,address,city,state,phone
http://ketchikancpa.com/,Results,"25 Jefferson Way Suite 202, Ketchikan, AK 99901",Ketchikan,AK,(907) 220-9970
http://www.1953.tax/,Results,"426 Main St, Ketchikan, AK 99901",Ketchikan,AK,(907) 225-1040
https://teuscherwalpole.com/,Results,"1734 Tongass Ave, Ketchikan, AK 99901",Ketchikan,AK,(801) 619-1400
https://akcpas.com/,Results,"189 S Binkley St #201, Soldotna, AK 99669",Soldotna,AK,(907) 262-9123
http://vpallp.com/,Results,,King Salmon,AK,(907) 214-1400
https://www.karncpa.com/,Results,"1225 E International Airport Rd #105, Anchorage, AK 99518",Anchorage,AK,(907) 563-9143
http://www.diehl.cpa/,Results,"1150 S Colony Way #11, Palmer, AK 99645",Palmer,AK,(907) 313-6933
http://www.stevensgroupcpas.com/,Results,"327 E Fireweed Ln #201, Anchorage, AK 99503",Anchorage,AK,(907) 562-3968
https://stevensaccountingservices.com/,Results,"201 E Swanson Ave Ste 12, Wasilla, AK 99654",Wasilla,AK,(907) 892-0843
http://www.tidelinecpa.com/,Results,,King Salmon,AK,(907) 953-9580
http://fostercpa.com/,Results,"2801 E Palmer-Wasilla Hwy, Wasilla, AK 99654",Wasilla,AK,(907) 290-5555
http://www.countonaccounting.com/,Results,"165 E Parks Hwy #104, Wasilla, AK 99654",Wasilla,AK,(907) 357-7707
http://noblebusinessservices.com/,Results,"1201 Lucille St # 103, Wasilla, AK 99654",Wasilla,AK,(907) 982-9895
https://www.fergusontaxpros.com/,Results,"10672 Kenai Spur Hwy STE 106, Kenai, AK 99611",Kenai,AK,(907) 395-4027
https://www.coghillgroup.com/,Results,"215 Fidalgo Ave # 206, Kenai, AK 99611",Kenai,AK,(907) 283-3484
http://www.akcpa.org/,Results,"2600 Cordova St #211, Anchorage, AK 99503",Anchorage,AK,(907) 562-4334
https://www.minkcpa.net/,Results,"4300 B St Ste 308, Anchorage, AK 99503",Anchorage,AK,(907) 563-1065
http://alaskatax.net/,Results,"1106 E Northern Lights Blvd, Anchorage, AK 99508",Anchorage,AK,(907) 276-3012
http://www.peaceofmindacc.com/,Results,,King Salmon,AK,(970) 381-7909
http://www.alaskacommercial.com/,Results,"Alaska Peninsula Highway 100 Southside, Eskimo Creek Rd, King Salmon, AK 99613",King Salmon,AK,(907) 673-3655
https://www.adfg.alaska.gov/index.cfm?adfg=contacts.kingsalmon,Results,"1 Park Service Road, King Salmon, AK 99613",King Salmon,AK,(907) 246-3340
http://ninilchiktaxes.com/,Results,"19330 Sterling Hwy, Ninilchik, AK 99639",Ninilchik,AK,(907) 331-4659
https://alaskataxlady.com/,Results,"124 W Swanson Ave, Wasilla, AK 99654",Wasilla,AK,(907) 373-8829
http://cindistax.com/,Results,"10421 VFW Rd #103, Eagle River, AK 99577",Eagle River,AK,(907) 726-1041
http://www.centpac.net/,Results,"5050 Dunbar Dr STE D/E, Wasilla, AK 99654",Wasilla,AK,(907) 885-2735
http://meganstaxservice.com/,Results,"12330 Old Glenn Hwy STE 5, Eagle River, AK 99577",Eagle River,AK,(907) 694-1040
https://savageaccountinginc.com/,Results,"36439 Edgington Rd, Soldotna, AK 99669",Soldotna,AK,(907) 953-5994
http://www.alaska-cpas.com/,Results,"610 S Bailey St, Palmer, AK 99645",Palmer,AK,(907) 745-0135
https://threeriversbookkeeping.com/,Results,"32983 Mt Hunter Dr, Talkeetna, AK 99676",Talkeetna,AK,(907) 331-0208
http://www.fabianotax.com/,Results,"46685 Lincoln Ave, Soldotna, AK 99669",Soldotna,AK,(907) 262-7400
https://altrogco.com/,Results,"3000 C St #201, Anchorage, AK 99503",Anchorage,AK,(907) 274-2992
