url,name,address,city,state,phone
http://www.centpac.net/,Results,"5050 Dunbar Dr STE D/E, Wasilla, AK 99654",Wasilla,AK,(907) 885-2735
http://fostercpa.com/,Results,"2801 E Palmer-Wasilla Hwy, Wasilla, AK 99654",Wasilla,AK,(907) 290-5555
https://alaskataxlady.com/,Results,"124 W Swanson Ave, Wasilla, AK 99654",Wasilla,AK,(907) 373-8829
http://www.countonaccounting.com/,Results,"165 E Parks Hwy #104, Wasilla, AK 99654",Wasilla,AK,(907) 357-7707
https://stevensaccountingservices.com/,Results,"201 E Swanson Ave Ste 12, Wasilla, AK 99654",Wasilla,AK,(907) 892-0843
http://noblebusinessservices.com/,Results,"1201 Lucille St # 103, Wasilla, AK 99654",Wasilla,AK,(907) 982-9895
http://www.northcutassociates.com/,Results,"4901 E Mayflower Ln Ste. B, Wasilla, AK 99654",Wasilla,AK,(907) 376-3576
http://cindistax.com/,Results,"10421 VFW Rd #103, Eagle River, AK 99577",Eagle River,AK,(907) 726-1041
http://driscollaccounting.com/,Results,"20212 170th St, Big Lake, MN 55309",Big Lake,MN,(763) 221-2803
https://alpenglowbookkeeping.com/,Results,,Big Lake,AK,(907) 982-9895
http://www.diehl.cpa/,Results,"1150 S Colony Way #11, Palmer, AK 99645",Palmer,AK,(907) 313-6933
http://www.cpalaska.com/,Results,"17137 Park Pl St, Eagle River, AK 99577",Eagle River,AK,(907) 694-0105
https://arcticassetsbookkeeping.com/,Results,,Big Lake,AK,(907) 615-6016
http://www.alaskataxlady.com/,Results,"2820 Boniface Pkwy, Anchorage, AK 99504",Anchorage,AK,(907) 373-8829
http://alaskatax.net/,Results,"1106 E Northern Lights Blvd, Anchorage, AK 99508",Anchorage,AK,(907) 276-3012
https://www.libertytax.com/16122,Results,"244 S Sylvan Rd Suite 2A, Wasilla, AK 99654",Wasilla,AK,(907) 357-8885
https://allaskabookkeeping.com/,Results,,Big Lake,AK,(907) 715-6706
http://www.swallingcpas.com/,Results,"851 Westpoint Dr Ste 108, Wasilla, AK 99654",Wasilla,AK,(907) 376-1272
http://www.balancedcpas.com/,Results,"310 K St Suite 401, Anchorage, AK 99501",Anchorage,AK,(907) 522-5445
https://www.bdonohue.cpa/,Results,"10928 Eagle River Rd Ste 222, Eagle River, AK 99577",Eagle River,AK,(907) 345-9695
https://akcpas.com/,Results,"189 S Binkley St #201, Soldotna, AK 99669",Soldotna,AK,(907) 262-9123
https://threeriversbookkeeping.com/,Results,"32983 Mt Hunter Dr, Talkeetna, AK 99676",Talkeetna,AK,(907) 331-0208
http://www.accountingindependence.com/,Results,"1549 E Tudor Rd C, Anchorage, AK 99507",Anchorage,AK,(907) 868-1127
http://www.akcpa.org/,Results,"2600 Cordova St #211, Anchorage, AK 99503",Anchorage,AK,(907) 562-4334
https://www.karncpa.com/,Results,"1225 E International Airport Rd #105, Anchorage, AK 99518",Anchorage,AK,(907) 563-9143
http://meganstaxservice.com/,Results,"12330 Old Glenn Hwy STE 5, Eagle River, AK 99577",Eagle River,AK,(907) 694-1040
http://www.webstertax.com/,Results,"11940 Business Blvd Suite 103, Eagle River, AK 99577",Eagle River,AK,(907) 696-6999
http://ninilchiktaxes.com/,Results,"19330 Sterling Hwy, Ninilchik, AK 99639",Ninilchik,AK,(907) 331-4659
https://office.jacksonhewitt.com/tax-preparation-services-locations/en/ak/wasilla/1350-s-seward-meridian-pkwy/52074?utm_source=google&utm_medium=local&utm_campaign=local&utm_content=52074,Results,"1350 S Seward Meridian Pkwy, Wasilla, AK 99654",Wasilla,AK,(907) 290-5283
http://lakemichiganaccounting.com/,Results,"212 1/2 Maple St, Big Rapids, MI 49307",Big Rapids,MI,(231) 796-3332
